"ADVERTISER_NAME","REVENUE_USD"
Gthic.com,51312.93301229455
Cub Cadet,41657.50471024136
GreenSmartLiving,25880.731292282395
